<?xml version="1.0"?>
<Settings>
	<General>
		<Servername>SRV-95-PACSAPP1</Servername>
		<LogRetention>216</LogRetention>
	</General>
	<DatabaseSettings>
		<DataSource>10.104.40.58</DataSource>
		<Username>dba</Username>
		<Password>pa++word@MV300</Password>
		<Database>pcvnijournal</Database>
                <DeleteQuery>Delete from pcvnijournal.dbo.sendtail where Description like 'EXPORTTEST%'</DeleteQuery>
		<DeleteQuery2>Delete from pcvnijournal.dbo.sendhead where Destination = 'EXPORTSCU'</DeleteQuery2>
	</DatabaseSettings>
	<DicomServiceSettings>
		<StoreSCU>
			<CalledAET>EXPORTSCU</CalledAET>
			<CallingAET>SRV-95-PACSAPP1</CallingAET>
			<Host>SRV-95-PACSAPP1.crystalrunhealthcare.crhc</Host>
			<Port>104</Port>
                </StoreSCU>
		<StoreSCP>
			<CalledAET>EXPORTSCU</CalledAET>
			<Port>108</Port>
			<Storage>.\input\</Storage>
		</StoreSCP>
		<SCULogFile>storescu.log</SCULogFile>
		<SCPLogFile>storescp.log</SCPLogFile>
	</DicomServiceSettings>
</Settings>